Renolt Logon,10800,1,cars_renolt_logon
Hendaji Solaer,12262,1,cars_hendaji_solaer
Vada Grand,7853,1,cars_vada_grand
Hendaji Elintra,20171,2,cars_hendaji_elintra
Skotta Octavian,22246,2,cars_skotta_octavian
Hendaji Sontair,26302,2,cars_hendaji_sontair
Toyoda Samry,29375,2,cars_toyoda_samry
Lotoos Elyza S,41645,2,cars_lotoos_elyza_s
Bodge Vyper,112000,3,cars_bodge_vyper
Toyoda Lend Kruzer 300,113770,3,cars_toyoda_lend_kruzer_300
Tasla Model S,115850,3,cars_tassla_model_s
DMW M4,125300,3,cars_dmw_m4
Nizan JTR,127990,3,cars_nizan_jtr
Auddi A6,57869,3,cars_auddi_a6
DMW 5,62002,3,cars_dmw_5
Marcedes-Benc E-class,66000,3,cars_marcedes_benc_e_class
Volgswagon Multivan,92690,3,cars_volgswagon_multivan
Porsh Caiene,98345,3,cars_porsh_caiene
Auddi A8,184000,4,cars_auddi_a8
Marcedes G-class,196690,4,cars_marcedes_g_class
DMW 7,204005,4,cars_dmw_7
Porsh 911,210740,4,cars_porsh_911
Ranch Rower VSAutobiography,217500,4,cars_ranch_rower_vsautobiography
Marcedes-Benc S-class,221000,4,cars_marcedes_benc_s_class
Lambarginy Oroos,234640,4,cars_lambarginy_oroos
Marcedes-Meybach GLS,271000,4,cars_marcedes_meybach_gls
Astor Martyn BD11,280000,4,cars_astor_martyn_bd11
Marcedes-Meybach S-class,364000,4,cars_marcedes_meybach_s_class
Rols-Roice Kullynan,550000,4,cars_rols_roice_kullynan
Rols-Roice Fantome,626600,4,cars_rols_roice_fantome
MacLeran B1,1313000,5,cars_macleran_b1
Ferarry LeFerarry,1324120,5,cars_ferarry_leferarry
Konigzegg Agerro R,2180000,5,cars_konigzegg_agerro_r
Ferarry V60,2650000,5,cars_ferarry_v60
Lican Gipersport,3450000,5,cars_lican_gipersport
Buggaty Wayron,3780000,5,cars_buggaty_wayron
Lambarginy Weneno Roadster,3800000,5,cars_lambarginy_weneno_roadster
Buggaty Deeva,5800000,5,cars_buggaty_deeva
Buggaty Le Voyture Noare,19000000,6,cars_buggaty_le_voyture_noare
Ferarry 250 GDO,50000000,6,cars_ferarry_250_gdo